날짜,기준가,전일대비,등락율(%),설정액(억),순 자산액(억),과표기준가
2020.02.17,1167.73, 8.60,0.74,152,177,"1,031.41"
2020.02.14,1159.13, 2.15,-0.19,153,177,"1,031.53"
2020.02.13,1161.28, 8.47,0.73,156,181,"1,031.54"
2020.02.12,1152.81, 12.17,1.07,159,184,"1,031.56"
2020.02.11,1140.64, 7.94,-0.69,159,181,"1,031.56"
2020.02.10,1148.58, 10.25,-0.88,163,188,"1,031.57"
2020.02.07,1158.83, 32.80,2.91,164,190,"1,031.61"
2020.02.06,1126.03, 4.86,0.43,160,180,"1,031.64"
2020.02.05,1121.17, 22.46,2.04,156,175,"1,031.64"
2020.02.04,1098.71, 2.54,0.23,152,167,"1,031.76"
2020.02.03,1096.17, 14.15,-1.27,151,165,"1,031.67"
2020.01.31,1110.32, 22.53,-1.99,150,167,"1,031.70"
2020.01.30,1132.85, 5.06,0.45,150,170,"1,031.69"
2020.01.29,1127.79, 38.27,-3.28,147,165,"1,031.70"
2020.01.28,1166.06, 15.81,-1.34,146,171,"1,031.72"
2020.01.23,1181.87, 15.84,1.36,141,167,"1,031.85"
2020.01.22,1166.03, 14.00,-1.19,141,164,"1,031.85"
2020.01.21,1180.03, 8.67,0.74,148,174,"1,031.89"
2020.01.20,1171.36, 2.33,0.2,148,174,"1,031.91"
2020.01.17,1169.03, 12.51,1.08,149,175,"1,031.95"
2020.01.16,1156.52, 7.63,-0.66,149,172,"1,031.96"
2020.01.15,1164.15, 5.36,0.46,150,175,"1,031.97"
2020.01.14,1158.79, 12.01,1.05,151,175,"1,031.98"
2020.01.13,1146.78, 10.20,0.9,152,174,"1,032.00"
2020.01.10,1136.58, 20.94,1.88,152,173,"1,032.03"
2020.01.09,1115.64, 6.91,-0.62,154,172,"1,032.05"
2020.01.08,1122.55, 11.16,1,154,173,"1,032.06"
2020.01.07,1111.39, 9.08,-0.81,154,171,"1,032.07"
2020.01.06,1120.47, 1.56,0.14,154,173,"1,032.08"
2020.01.03,1118.91, 12.73,-1.12,155,173,"1,032.11"
2020.01.02,1131.64, 0.03,0,157,178,"1,032.12"
2019.12.31,1131.67, 5.14,-0.45,157,178,"1,032.13"
2019.12.30,1136.81, 21.46,1.92,157,178,"1,031.69"
2019.12.27,1115.35, 5.62,0.51,156,174,"1,017.00"
2019.12.26,1109.73, 7.61,-0.68,156,173,"1,017.02"
2019.12.24,1117.34, 1.80,-0.16,159,177,"1,017.04"
2019.12.23,1119.14, 3.80,0.34,160,180,"1,017.06"
2019.12.20,1115.34, 0.38,0.03,161,179,"1,017.09"
2019.12.19,1114.96, 1.34,-0.12,165,184,"1,017.10"
2019.12.18,1116.3, 18.78,1.71,165,184,"1,017.12"
2019.12.17,1097.52, 1.07,-0.1,167,183,"1,017.13"
2019.12.16,1098.59, 19.49,1.81,175,192,"1,017.14"
2019.12.13,1079.1, 18.42,1.74,177,191,"1,017.16"
2019.12.12,1060.68, 4.20,0.4,178,189,"1,017.17"
2019.12.11,1056.48, 5.26,0.5,178,188,"1,017.18"
2019.12.10,1051.22, 5.14,0.49,178,187,"1,017.19"
2019.12.09,1046.08, 12.26,1.19,178,186,"1,017.20"
2019.12.06,1033.82, 2.76,-0.27,178,184,"1,017.22"
2019.12.05,1036.58, 7.66,-0.73,177,183,"1,017.23"
2019.12.04,1044.24, 5.36,-0.51,177,184,"1,017.24"
2019.12.03,1049.6, 2.26,0.22,176,184,"1,017.25"
2019.12.02,1047.34, 17.14,-1.61,175,183,"1,017.26"
2019.11.29,1064.48, 5.71,-0.53,175,186,"1,017.29"
2019.11.28,1070.19, 3.24,0.3,175,187,"1,017.30"
2019.11.27,1066.95, 0.22,-0.02,175,187,"1,017.30"
2019.11.26,1067.17, 10.72,1.01,174,186,"1,017.31"
2019.11.25,1056.45, 4.89,0.47,174,183,"1,017.32"
2019.11.22,1051.56, 15.57,-1.46,172,181,"1,017.35"
2019.11.21,1067.13, 15.72,-1.45,165,176,"1,017.36"
2019.11.20,1082.85, 4.19,-0.39,165,179,"1,017.37"
2019.11.19,1087.04, 0.95,-0.09,166,180,"1,017.38"
2019.11.18,1087.99, 13.57,1.26,166,181,"1,017.40"
2019.11.15,1074.42, 9.77,0.92,165,178,"1,017.45"
2019.11.14,1064.65, 8.55,-0.8,165,176,"1,017.47"
2019.11.13,1073.2, 10.91,1.03,165,178,"1,017.49"
2019.11.12,1062.29, 8.69,-0.81,166,176,"1,017.51"
2019.11.11,1070.98, 5.08,-0.47,165,177,"1,017.52"
2019.11.08,1076.06, 0.97,-0.09,165,178,"1,017.58"
2019.11.07,1077.03, 1.37,0.13,167,180,"1,017.59"
2019.11.06,1075.66, 6.21,0.58,177,190,"1,017.61"
2019.11.05,1069.45, 16.22,1.54,178,191,"1,017.63"
2019.11.04,1053.23, 9.60,0.92,178,188,"1,017.64"
2019.11.01,1043.63, 1.34,0.13,178,186,"1,017.69"
2019.10.31,1042.29, 8.57,-0.82,178,186,"1,017.71"
2019.10.30,1050.86, 1.32,-0.13,179,188,"1,017.73"
2019.10.29,1052.18, 3.04,0.29,180,190,"1,017.75"
2019.10.28,1049.14, 1.53,0.15,180,189,"1,017.76"
2019.10.25,1047.61, 1.94,0.19,180,188,"1,017.81"
2019.10.24,1045.67, 5.13,-0.49,180,188,"1,017.82"
2019.10.23,1050.8, 13.68,1.32,180,189,"1,017.84"
2019.10.22,1037.12, 4.01,0.39,180,187,"1,017.86"
2019.10.21,1033.11, 10.14,-0.97,180,186,"1,017.87"
2019.10.18,1043.25, 3.34,-0.32,180,188,"1,017.92"
2019.10.17,1046.59, 7.42,0.71,180,189,"1,017.94"
2019.10.16,1039.17, 1.18,0.11,181,188,"1,017.95"
2019.10.15,1037.99, 11.15,1.09,181,188,"1,017.97"
2019.10.14,1026.84, 8.86,0.87,181,186,"1,017.98"
2019.10.11,1017.98, 9.49,-0.92,181,184,"1,018.02"
2019.10.10,1027.47, 13.98,1.38,181,186,"1,018.04"
2019.10.08,1013.49, 1.56,0.15,181,183,"1,018.07"
2019.10.07,1011.93, 4.33,-0.43,181,183,"1,018.08"
2019.10.04,1016.26, 22.91,-2.2,180,183,"1,018.12"
2019.10.02,1039.17, 3.05,0.29,180,187,"1,018.15"
2019.10.01,1036.12, 8.71,0.85,180,187,"1,018.16"
2019.09.30,1027.41, 11.24,-1.08,179,184,"1,018.09"
2019.09.27,1038.65, 2.14,0.21,179,186,"1,016.07"
2019.09.26,1036.51, 13.72,-1.31,179,185,"1,016.09"
2019.09.25,1050.23, 4.93,0.47,179,189,"1,016.10"
2019.09.24,1045.3, 1.13,0.11,180,188,"1,016.12"
2019.09.23,1044.17, 5.67,0.55,181,188,"1,016.13"
2019.09.20,1038.5, 7.57,0.73,181,187,"1,016.18"
2019.09.19,1030.93, 5.48,0.53,183,189,"1,016.19"
2019.09.18,1025.45, 1.39,-0.14,183,188,"1,016.21"
2019.09.17,1026.84, 3.87,0.38,183,188,"1,016.22"
2019.09.16,1022.97, 8.12,0.8,183,187,"1,016.23"
2019.09.11,1014.85, 5.06,0.5,191,194,"1,016.30"
2019.09.10,1009.79, 7.09,0.71,192,193,"1,016.31"
2019.09.09,1002.7, 4.01,0.4,192,192,"1,016.33"
2019.09.06,998.69, 10.90,1.1,192,192,"1,016.37"
2019.09.05,987.79, 13.72,1.41,193,190,"1,016.38"
2019.09.04,974.07, 3.75,-0.38,193,188,"1,016.39"
2019.09.03,977.82, 0.46,0.05,193,189,"1,016.41"
2019.09.02,977.36, 17.85,1.86,193,189,"1,016.42"
2019.08.30,959.51, 4.97,-0.52,193,186,"1,016.46"
2019.08.29,964.48, 7.74,0.81,193,186,"1,016.47"
2019.08.28,956.74, 4.84,0.51,193,185,"1,016.49"
2019.08.27,951.9, 14.77,-1.53,192,183,"1,016.50"
2019.08.26,966.67, 0.60,-0.06,193,187,"1,016.51"
2019.08.23,967.27, 8.10,-0.83,193,187,"1,016.55"
2019.08.22,975.37, 1.57,0.16,194,189,"1,016.56"
2019.08.21,973.8, 10.62,1.1,193,188,"1,016.58"
2019.08.20,963.18, 1.47,0.15,193,186,"1,016.59"
2019.08.16,961.71, 8.58,0.9,193,186,"1,016.64"
2019.08.14,953.13, 9.94,-1.03,191,182,"1,016.67"
2019.08.13,963.07, 1.81,0.19,189,182,"1,016.68"
2019.08.12,961.26, 8.54,0.9,185,178,"1,016.70"
2019.08.09,952.72, 2.03,0.21,183,174,"1,016.74"
2019.08.08,950.69, 4.80,-0.5,179,170,"1,016.75"
2019.08.07,955.49, 14.10,-1.45,179,171,"1,016.76"
2019.08.06,969.59, 22.44,-2.26,179,173,"1,016.78"
2019.08.05,992.03, 10.85,-1.08,176,175,"1,016.79"
2019.08.02,1002.88, 2.69,-0.27,176,177,"1,016.84"
2019.08.01,1005.57, 9.77,-0.96,176,177,"1,016.86"
2019.07.31,1015.34, 4.45,0.44,176,179,"1,016.87"
2019.07.30,1010.89, 16.79,-1.63,176,178,"1,016.89"
2019.07.29,1027.68, 3.13,-0.3,176,181,"1,016.89"
2019.07.26,1030.81, 0.94,-0.09,176,181,"1,016.93"
2019.07.25,1031.75, 10.08,-0.97,176,182,"1,016.97"
2019.07.24,1041.83, 5.01,0.48,176,183,"1,016.98"
2019.07.23,1036.82, 0.18,0.02,177,183,"1,017.00"
2019.07.22,1036.64, 14.92,1.46,177,183,"1,017.02"
2019.07.19,1021.72, 2.91,-0.28,176,180,"1,017.06"
2019.07.18,1024.63, 10.15,-0.98,176,181,"1,017.07"
2019.07.17,1034.78, 5.24,0.51,176,182,"1,017.09"
2019.07.16,1029.54, 0.04,0,176,181,"1,017.10"
2019.07.15,1029.58, 3.09,0.3,176,181,"1,017.12"
2019.07.12,1026.49, 11.75,1.16,176,181,"1,017.16"
2019.07.11,1014.74, 4.33,0.43,176,179,"1,017.17"
2019.07.10,1010.41, 3.09,-0.3,176,178,"1,017.19"
2019.07.09,1013.5, 22.19,-2.14,176,178,"1,017.20"
2019.07.08,1035.69, 1.23,-0.12,176,182,"1,017.22"
2019.07.05,1036.92, 8.77,0.85,175,182,"1,017.26"
2019.07.04,1028.15, 14.02,-1.35,175,180,"1,017.27"
2019.07.03,1042.17, 4.96,-0.47,175,182,"1,017.29"
2019.07.02,1047.13, 1.10,-0.1,175,183,"1,017.30"
2019.07.01,1048.23, 1.31,-0.12,175,184,"1,017.32"
2019.06.28,1049.54, 12.35,1.19,175,184,"1,017.23"
2019.06.27,1037.19, 1.11,0.11,176,182,"1,014.58"
2019.06.26,1036.08, 1.44,-0.14,176,183,"1,014.60"
2019.06.25,1037.52, 0.44,0.04,176,183,"1,014.61"
2019.06.24,1037.08, 2.23,-0.21,176,183,"1,014.63"
2019.06.21,1039.31, 2.95,0.28,176,183,"1,014.67"
2019.06.20,1036.36, 14.58,1.43,176,183,"1,014.69"
2019.06.19,1021.78, 4.91,0.48,176,180,"1,014.70"
2019.06.18,1016.87, 1.08,-0.11,176,179,"1,014.72"
2019.06.17,1017.95, 1.83,-0.18,177,180,"1,014.73"
2019.06.14,1019.78, 7.34,-0.71,177,181,"1,014.78"
2019.06.13,1027.12, 2.54,-0.25,177,182,"1,014.79"
2019.06.12,1029.66, 4.66,0.45,177,182,"1,014.80"
2019.06.11,1025, 14.56,1.44,177,181,"1,014.82"
2019.06.10,1010.44, 0.70,0.07,177,179,"1,014.83"
2019.06.07,1009.74, 1.82,0.18,177,179,"1,014.88"
2019.06.05,1007.92, 2.21,-0.22,177,178,"1,014.90"
2019.06.04,1010.13, 16.32,1.64,177,179,"1,014.92"
2019.06.03,993.81, 0.52,-0.05,177,176,"1,014.93"
2019.05.31,994.33, 9.87,1,177,176,"1,014.97"
2019.05.30,984.46, 13.02,-1.31,176,173,"1,014.99"
2019.05.29,997.48, 1.29,0.13,175,175,"1,015.00"
2019.05.28,996.19, 0.12,-0.01,175,174,"1,015.01"
2019.05.27,996.31, 7.60,-0.76,175,174,"1,015.03"
2019.05.24,1003.91, 1.92,-0.19,175,175,"1,015.07"
2019.05.23,1005.83, 2.23,0.22,174,175,"1,015.09"
2019.05.22,1003.6, 4.61,0.46,174,175,"1,015.10"
2019.05.21,998.99, 1.75,0.18,174,174,"1,015.12"
2019.05.20,997.24, 6.31,-0.63,174,173,"1,015.13"
2019.05.17,1003.55, 14.44,-1.42,174,174,"1,015.17"
2019.05.16,1017.99, 4.97,0.49,165,168,"1,015.19"
2019.05.15,1013.02, 0.50,-0.05,164,167,"1,015.20"
2019.05.14,1013.52, 12.79,-1.25,164,166,"1,015.22"
2019.05.13,1026.31, 3.48,0.34,164,168,"1,015.23"
2019.05.10,1022.83, 34.29,-3.24,164,168,"1,015.28"
2019.05.09,1057.12, 4.82,-0.45,164,173,"1,015.29"
2019.05.08,1061.94, 9.17,-0.86,164,174,"1,015.31"
2019.05.07,1071.11, 9.27,-0.86,164,175,"1,015.33"
2019.05.03,1080.38, 4.70,0.44,164,177,"1,015.39"
2019.05.02,1075.68, 7.08,-0.65,164,176,"1,015.41"
2019.04.30,1082.76, 21.01,1.98,164,178,"1,015.44"
2019.04.29,1061.75, 5.95,-0.56,164,175,"1,015.46"
2019.04.26,1067.7, 3.49,-0.33,164,175,"1,015.51"
2019.04.25,1071.19, 10.52,-0.97,164,176,"1,015.53"
2019.04.24,1081.71, 1.84,0.17,164,178,"1,015.54"
2019.04.23,1079.87, 0.05,0,164,178,"1,015.56"
2019.04.22,1079.82, 0.12,0.01,165,178,"1,015.57"
2019.04.19,1079.7, 17.54,-1.6,164,178,"1,015.62"
2019.04.18,1097.24, 0.89,-0.08,166,182,"1,015.64"
2019.04.17,1098.13, 4.31,0.39,166,182,"1,015.66"
2019.04.16,1093.82, 3.92,0.36,166,181,"1,015.67"
2019.04.15,1089.9, 3.55,0.33,166,181,"1,015.69"
2019.04.12,1086.35, 1.77,-0.16,166,180,"1,015.74"
2019.04.11,1088.12, 4.61,0.43,166,180,"1,015.76"
2019.04.10,1083.51, 1.29,0.12,166,180,"1,015.79"
2019.04.09,1082.22, 1.68,-0.15,166,180,"1,015.81"
2019.04.08,1083.9, 2.01,0.19,162,176,"1,015.83"
2019.04.05,1081.89, 2.01,0.19,162,176,"1,015.88"
2019.04.04,1079.88, 15.41,1.45,163,176,"1,015.90"
2019.04.03,1064.47, 4.80,0.45,163,173,"1,015.91"
2019.04.02,1059.67, 14.68,1.4,163,173,"1,015.93"
2019.04.01,1044.99, 5.38,0.52,163,170,"1,016.00"
2019.03.29,1039.61, 5.87,-0.56,163,169,"1,015.96"
2019.03.28,1045.48, 0.85,-0.08,163,170,"1,013.87"
2019.03.27,1046.33, 0.66,0.06,163,170,"1,013.89"
2019.03.26,1045.67, 21.71,-2.03,163,170,"1,013.90"
2019.03.25,1067.38, 2.66,0.25,163,174,"1,013.92"
2019.03.22,1064.72, 9.38,0.89,163,174,"1,013.97"
2019.03.21,1055.34, 0.47,0.04,163,172,"1,013.99"
2019.03.20,1054.87, 0.42,-0.04,163,172,"1,014.00"
2019.03.19,1055.29, 0.07,0.01,163,172,"1,014.02"
2019.03.18,1055.22, 11.73,1.12,163,172,"1,014.14"
2019.03.15,1043.49, 2.50,0.24,163,170,"1,014.18"
2019.03.14,1040.99, 6.75,-0.64,163,170,"1,014.20"
2019.03.13,1047.74, 10.15,0.98,163,171,"1,014.22"
2019.03.12,1037.59, 0.82,0.08,163,169,"1,014.24"
2019.03.11,1036.77, 15.33,-1.46,163,169,"1,014.26"
2019.03.08,1052.1, 4.09,-0.39,163,172,"1,014.44"
2019.03.07,1056.19, 2.09,-0.2,163,172,"1,014.49"
2019.03.06,1058.28, 7.86,-0.74,163,173,"1,014.50"
2019.03.05,1066.14, 5.01,-0.47,163,174,"1,014.53"
2019.03.04,1071.15, 19.17,-1.76,163,174,"1,014.56"
2019.02.28,1090.32, 3.40,0.31,163,178,"1,014.63"
2019.02.27,1086.92, 4.63,-0.42,163,177,"1,014.61"
2019.02.26,1091.55, 1.20,0.11,163,178,"1,014.63"
2019.02.25,1090.35, 1.09,0.1,164,179,"1,014.64"
2019.02.22,1089.26, 0.04,0,165,180,"1,014.70"
2019.02.21,1089.22, 12.79,1.19,165,180,"1,014.73"
2019.02.20,1076.43, 3.67,-0.34,165,178,"1,014.72"
2019.02.19,1080.1, 7.64,0.71,165,178,"1,014.74"
2019.02.18,1072.46, 17.62,-1.62,165,177,"1,014.75"
2019.02.15,1090.08, 13.38,1.24,165,180,"1,014.81"
2019.02.14,1076.7, 4.82,0.45,165,178,"1,014.93"
2019.02.13,1071.88, 6.33,0.59,165,177,"1,014.96"
2019.02.12,1065.55, 2.19,0.21,164,175,"1,014.97"
2019.02.11,1063.36, 16.14,-1.5,164,175,"1,015.04"
2019.02.08,1079.5, 0.20,-0.02,165,178,"1,015.12"
2019.02.07,1079.7, 0.61,-0.06,165,178,"1,015.14"
2019.02.01,1080.31, 3.02,-0.28,165,178,"1,015.11"
2019.01.31,1083.33, 14.25,1.33,167,181,"1,015.15"
2019.01.30,1069.08, 5.10,0.48,167,179,"1,015.16"
2019.01.29,1063.98, 0.25,-0.02,168,179,"1,015.17"
2019.01.28,1064.23, 20.07,1.92,168,179,"1,015.16"
2019.01.25,1044.16, 10.42,1.01,169,176,"1,015.16"
2019.01.24,1033.74, 4.50,0.44,169,174,"1,015.18"
2019.01.23,1029.24, 5.30,-0.51,169,174,"1,015.20"
2019.01.22,1034.54, 0.79,0.08,169,174,"1,015.21"
2019.01.21,1033.75, 7.73,0.75,169,175,"1,015.23"
2019.01.18,1026.02, 2.01,0.2,169,174,"1,015.28"
2019.01.17,1024.01, 5.04,0.49,169,173,"1,015.29"
2019.01.16,1018.97, 19.08,1.91,170,173,"1,015.31"
2019.01.15,999.89, 8.23,-0.82,170,170,"1,015.32"
2019.01.14,1008.12, 6.24,0.62,170,171,"1,015.34"
2019.01.11,1001.88, 0.14,-0.01,169,170,"1,015.39"
2019.01.10,1002.02, 22.42,2.29,169,170,"1,015.40"
2019.01.09,979.6, 7.33,-0.74,169,166,"1,015.42"
2019.01.08,986.93, 14.42,1.48,169,167,"1,015.43"
2019.01.07,972.51, 7.66,0.79,169,165,"1,015.45"
2019.01.04,964.85, 9.55,-0.98,169,163,"1,015.49"
2019.01.03,974.4, 14.11,-1.43,169,165,"1,015.51"
2019.01.02,988.51, 0.03,0,169,167,"1,015.52"
2018.12.31,988.54, 4.73,0.48,169,167,"1,015.55"
2018.12.28,983.81, 15.62,1.61,169,167,"1,015.05"
2018.12.27,968.19, 13.41,-1.37,169,164,"1,000.42"
2018.12.26,981.6, 2.09,-0.21,169,166,"1,000.43"
2018.12.24,983.69, 1.09,0.11,169,166,"1,000.46"
2018.12.21,982.6, 9.52,-0.96,169,166,"1,000.51"
2018.12.20,992.12, 7.53,0.76,169,168,"1,000.52"
2018.12.19,984.59, 4.48,-0.45,169,166,"1,000.54"
2018.12.18,989.07, 2.67,0.27,169,167,"1,000.55"
2018.12.17,986.4, 15.27,-1.52,169,167,"1,000.57"
2018.12.14,1001.67, 4.05,0.41,169,169,"1,000.61"
2018.12.13,997.62, 13.97,1.42,169,169,"1,000.62"
2018.12.12,983.65, 1.74,-0.18,169,166,"1,000.64"
2018.12.11,985.39, 11.51,-1.15,169,167,"1,000.65"
2018.12.10,996.9, 4.39,0.44,169,168,"1,000.67"
2018.12.07,992.51, 16.75,-1.66,169,167,"1,000.71"
2018.12.06,1009.26, 6.98,-0.69,169,170,"1,000.72"
2018.12.05,1016.24, 10.77,-1.05,170,172,"1,000.73"
2018.12.04,1027.01, 18.55,1.84,171,175,"1,000.75"
2018.12.03,1008.46, 10.51,-1.03,171,172,"1,000.76"
2018.11.30,1018.97, 2.34,0.23,171,174,"1,000.81"
2018.11.29,1016.63, 5.12,0.51,172,174,"1,000.82"
2018.11.28,1011.51, 8.39,0.84,171,173,"1,000.84"
2018.11.27,1003.12, 12.92,1.3,172,172,"1,000.85"
2018.11.26,990.2, 5.73,-0.58,172,170,"1,000.86"
2018.11.23,995.93, 1.65,-0.17,172,171,"1,000.91"
2018.11.22,997.58, 4.77,-0.48,171,170,"1,000.92"
2018.11.21,1002.35, 10.50,-1.04,171,171,"1,000.94"
2018.11.20,1012.85, 2.59,0.26,171,173,"1,000.95"
2018.11.19,1010.26, 0.14,-0.01,171,173,"1,000.96"
2018.11.16,1010.4, 10.14,1.01,170,172,"1,001.01"
2018.11.15,1000.26, 2.94,-0.29,170,170,"1,001.02"
2018.11.14,1003.2, 7.63,-0.75,170,170,"1,001.04"
2018.11.13,1010.83, 1.01,0.1,169,171,"1,001.05"
2018.11.12,1009.82, 3.47,-0.34,169,171,"1,001.07"
2018.11.09,1013.29, 6.78,0.67,169,171,"1,001.11"
2018.11.08,1006.51, 4.53,-0.45,169,170,"1,001.12"
2018.11.07,1011.04, 5.71,0.57,169,171,"1,001.14"
2018.11.06,1005.33, 9.57,-0.94,169,170,"1,001.11"
2018.11.05,1014.9, 36.34,3.71,169,171,"1,001.13"
2018.11.02,978.56, 3.81,-0.39,169,165,"1,001.17"
2018.11.01,982.37, 5.30,0.54,168,165,"1,001.19"
2018.10.31,977.07, 9.27,0.96,166,163,"1,001.20"
2018.10.30,967.8, 9.57,-0.98,167,162,"1,001.21"
2018.10.29,977.37, 15.32,-1.54,166,163,"1,001.23"
2018.10.26,992.69, 17.45,-1.73,166,165,"1,001.27"
2018.10.25,1010.14, 5.45,-0.54,166,167,"1,001.28"
2018.10.24,1015.59, 26.01,-2.5,165,168,"1,001.30"
2018.10.23,1041.6, 2.36,0.23,165,172,"1,001.31"
2018.10.22,1039.24, 4.11,0.4,166,172,"1,001.33"
2018.10.19,1035.13, 10.05,-0.96,165,171,"1,001.37"
2018.10.18,1045.18, 11.98,1.16,165,173,"1,001.39"
2018.10.17,1033.2, 1.04,-0.1,165,171,"1,001.40"
2018.10.16,1034.24, 8.23,-0.79,165,171,"1,001.42"
2018.10.15,1042.47, 16.65,1.62,165,172,"1,001.43"
2018.10.12,1025.82, 47.65,-4.44,165,169,"1,001.48"
2018.10.11,1073.47, 8.30,-0.77,164,176,"1,001.49"
2018.10.10,1081.77, 5.16,-0.47,164,177,"1,001.51"
2018.10.08,1086.93, 2.50,-0.23,164,178,"1,001.54"
2018.10.05,1089.43, 17.59,-1.59,163,178,"1,001.59"
2018.10.04,1107.02, 13.87,-1.24,163,181,"1,001.60"
2018.10.02,1120.89, 1.30,-0.12,163,183,"1,001.64"
2018.10.01,1122.19, 8.55,-0.76,163,183,"1,001.65"
2018.09.28,1130.74, 9.10,0.81,164,185,"1,001.66"
2018.09.27,1121.64, 6.32,0.57,164,184,999.52
2018.09.21,1115.32, 9.07,0.82,165,184,999.61
2018.09.20,1106.25, 1.57,0.14,165,183,999.63
2018.09.19,1104.68, 4.18,0.38,165,182,999.64
2018.09.18,1100.5, 7.90,-0.71,165,182,999.66
2018.09.17,1108.4, 18.42,1.69,165,183,999.68
2018.09.14,1089.98, 0.03,0,165,180,999.72
2018.09.13,1089.95, 0.76,-0.07,165,180,999.74
2018.09.12,1090.71, 4.09,-0.37,165,180,999.75
2018.09.11,1094.8, 3.62,0.33,165,180,999.77
2018.09.10,1091.18, 5.71,-0.52,165,180,999.79
2018.09.07,1096.89, 2.61,-0.24,165,181,999.83
2018.09.06,1099.5, 14.89,-1.34,165,181,999.85
2018.09.05,1114.39, 5.21,0.47,165,184,999.87
2018.09.04,1109.18, 9.49,-0.85,165,183,999.89
2018.09.03,1118.67, 7.21,0.65,164,184,999.9
2018.08.31,1111.46, 0.49,0.04,164,182,999.95
2018.08.30,1110.97, 3.18,0.29,164,182,999.97
2018.08.29,1107.79, 1.21,0.11,164,182,999.98
2018.08.28,1106.58, 10.82,-0.97,162,182,"1,000.00"
2018.08.27,1117.4, 5.08,0.46,162,181,"1,015.63"
2018.08.24,1112.32, 5.08,0.46,162,180,"1,015.68"
2018.08.23,1107.24, 4.42,0.4,162,179,"1,015.70"
2018.08.22,1102.82, 13.66,1.25,163,179,"1,015.71"
2018.08.21,1089.16, 0.14,-0.01,162,177,"1,015.73"
2018.08.20,1089.3, 1.17,0.11,163,177,"1,015.74"
2018.08.17,1088.13, 10.96,-1,163,177,"1,015.79"
2018.08.16,1099.09, 5.07,0.46,162,179,"1,015.81"
2018.08.14,1094.02, 14.36,-1.3,162,178,"1,015.84"
2018.08.13,1108.38, 14.94,-1.33,162,180,"1,015.85"
2018.08.10,1123.32, 0.64,0.06,162,182,"1,015.91"
2018.08.09,1122.68, 0.02,0,162,182,"1,015.92"
2018.08.08,1122.7, 7.94,0.71,162,182,"1,015.94"
2018.08.07,1114.76, 2.29,-0.21,162,180,"1,015.96"
2018.08.06,1117.05, 8.11,0.73,162,181,"1,015.97"
2018.08.03,1108.94, 20.19,-1.79,162,179,"1,016.02"
2018.08.02,1129.13, 4.83,0.43,162,183,"1,016.04"
2018.08.01,1124.3, 0.44,0.04,162,182,"1,016.05"
2018.07.31,1123.86, 2.27,-0.2,162,182,"1,016.07"
2018.07.30,1126.13, 3.66,0.33,161,181,"1,016.09"
2018.07.27,1122.47, 8.87,0.8,161,181,"1,016.13"
2018.07.26,1113.6, 2.69,-0.24,161,179,"1,016.14"
2018.07.25,1116.29, 4.02,0.36,161,180,"1,016.16"
2018.07.24,1112.27, 11.36,-1.01,161,179,"1,016.17"
2018.07.23,1123.63, 3.69,0.33,161,181,"1,016.18"
2018.07.20,1119.94, 2.16,-0.19,161,180,"1,016.25"
2018.07.19,1122.1, 1.96,-0.17,162,181,"1,016.26"
2018.07.18,1124.06, 2.73,-0.24,162,182,"1,016.27"
2018.07.17,1126.79, 4.77,-0.42,162,183,"1,016.29"
2018.07.16,1131.56, 15.11,1.35,162,183,"1,016.30"
2018.07.13,1116.45, 0.61,0.05,161,179,"1,016.35"
2018.07.12,1115.84, 7.18,-0.64,161,179,"1,016.36"
2018.07.11,1123.02, 3.81,0.34,160,180,"1,016.37"
2018.07.10,1119.21, 8.20,0.74,159,178,"1,016.39"
2018.07.09,1111.01, 6.08,0.55,158,176,"1,016.40"
2018.07.06,1104.93, 2.28,-0.21,158,175,"1,016.44"
2018.07.05,1107.21, 4.52,-0.41,158,175,"1,016.46"
2018.07.04,1111.73, 2.83,0.26,157,175,"1,016.47"
2018.07.03,1108.9, 27.06,-2.38,157,174,"1,016.49"
2018.07.02,1135.96, 5.56,0.49,157,179,"1,016.50"
2018.06.29,1130.4, 12.45,-1.09,157,178,"1,016.47"
2018.06.28,1142.85, 2.43,-0.21,157,179,"1,013.95"
2018.06.27,1145.28, 2.92,-0.25,156,178,"1,013.97"
2018.06.26,1148.2, 1.33,-0.12,156,179,"1,013.98"
2018.06.25,1149.53, 10.14,0.89,155,178,"1,014.00"
2018.06.22,1139.39, 11.66,-1.01,155,177,"1,014.04"
2018.06.21,1151.05, 11.41,1,155,179,"1,014.06"
2018.06.20,1139.64, 16.16,-1.4,154,176,"1,014.07"
2018.06.19,1155.8, 14.17,-1.21,154,178,"1,014.08"
2018.06.18,1169.97, 8.15,-0.69,153,179,"1,014.10"
2018.06.15,1178.12, 23.25,-1.94,153,180,"1,014.14"
2018.06.14,1201.37, 1.14,-0.09,153,184,"1,014.16"
2018.06.12,1202.51, 8.85,0.74,154,185,"1,014.19"
2018.06.11,1193.66, 11.18,-0.93,153,183,"1,014.20"
2018.06.08,1204.84, 7.92,0.66,153,185,"1,014.25"
2018.06.07,1196.92, 2.95,0.25,153,184,"1,014.26"
2018.06.05,1193.97, 6.26,0.53,154,184,"1,014.29"
2018.06.04,1187.71, 7.92,0.67,154,183,"1,014.31"
2018.06.01,1179.79, 6.85,0.58,154,181,"1,014.36"
2018.05.31,1172.94, 26.97,-2.25,153,179,"1,014.39"
2018.05.30,1199.91, 11.62,-0.96,153,184,"1,014.40"
2018.05.29,1211.53, 4.36,0.36,154,186,"1,014.42"
2018.05.28,1207.17, 2.28,0.19,154,186,"1,014.44"
2018.05.25,1204.89, 3.37,-0.28,154,186,"1,014.50"
2018.05.24,1208.26, 8.51,0.71,155,187,"1,014.53"
2018.05.23,1199.75, 3.30,0.28,155,186,"1,014.54"
2018.05.21,1196.45, 4.51,0.38,154,185,"1,014.58"
2018.05.18,1191.94, 6.29,-0.52,154,184,"1,014.64"
2018.05.17,1198.23, 3.53,0.3,154,185,"1,014.66"
2018.05.16,1194.7, 11.29,-0.94,154,184,"1,014.68"
2018.05.15,1205.99, 2.86,-0.24,154,186,"1,014.70"
2018.05.14,1208.85, 4.72,0.39,155,187,"1,014.72"
2018.05.11,1204.13, 11.08,0.93,153,185,"1,014.78"
2018.05.10,1193.05, 6.16,-0.51,153,183,"1,014.80"
2018.05.09,1199.21, 3.37,-0.28,153,184,"1,014.82"
2018.05.08,1202.58, 13.76,-1.13,152,183,"1,014.84"
2018.05.04,1216.34, 7.38,-0.6,152,185,"1,014.92"
2018.05.03,1223.72, 4.62,-0.38,151,185,"1,014.94"
2018.05.02,1228.34, 10.09,0.83,152,186,"1,014.96"
2018.04.30,1218.25, 10.31,0.85,152,185,"1,015.00"
2018.04.27,1207.94, 16.58,1.39,151,183,"1,015.04"
2018.04.26,1191.36, 7.49,-0.62,151,180,"1,015.06"
2018.04.25,1198.85, 8.33,-0.69,151,180,"1,015.08"
2018.04.24,1207.18, 0.24,0.02,151,182,"1,015.10"
2018.04.23,1206.94, 8.96,-0.74,150,181,"1,015.12"
2018.04.20,1215.9, 6.78,0.56,150,182,"1,015.18"
2018.04.19,1209.12, 15.36,1.29,150,182,"1,015.20"
2018.04.18,1193.76, 1.88,-0.16,150,180,"1,015.22"
2018.04.17,1195.64, 1.07,0.09,151,180,"1,015.24"
2018.04.16,1194.57, 6.81,0.57,150,180,"1,015.27"
2018.04.13,1187.76, 1.28,0.11,150,179,"1,015.33"
2018.04.12,1186.48, 3.56,-0.3,150,178,"1,015.35"
2018.04.11,1190.04, 1.76,0.15,150,179,"1,015.38"
2018.04.10,1188.28, 6.81,0.58,150,179,"1,015.40"
2018.04.09,1181.47, 5.66,-0.48,150,178,"1,015.42"
2018.04.06,1187.13, 18.30,1.57,150,178,"1,015.49"
2018.04.05,1168.83, 19.05,-1.6,150,176,"1,015.51"
2018.04.04,1187.88, 3.19,-0.27,150,179,"1,015.53"
2018.04.03,1191.07, 3.29,-0.28,150,179,"1,015.55"
2018.04.02,1194.36, 2.56,0.21,150,179,"1,015.57"
2018.03.30,1191.8, 10.16,0.86,150,179,"1,015.59"
2018.03.29,1181.64, 17.90,-1.49,150,177,"1,013.29"
2018.03.28,1199.54, 4.94,0.41,150,180,"1,013.31"
2018.03.27,1194.6, 10.55,0.89,151,180,"1,013.34"
2018.03.26,1184.05, 42.96,-3.5,149,177,"1,013.41"
2018.03.23,1227.01, 7.05,0.58,149,183,"1,013.47"
2018.03.22,1219.96, 0.58,-0.05,150,182,"1,013.50"
2018.03.21,1220.54, 5.54,0.46,150,183,"1,013.52"
2018.03.20,1215, 9.55,-0.78,149,181,"1,013.54"
2018.03.19,1224.55, 0.30,-0.02,149,182,"1,013.57"
2018.03.16,1224.85, 2.44,0.2,149,183,"1,013.73"
2018.03.15,1222.41, 3.25,-0.27,150,183,"1,013.75"
2018.03.14,1225.66, 9.20,0.76,149,182,"1,013.76"
2018.03.13,1216.46, 11.86,0.98,150,182,"1,013.78"
2018.03.12,1204.6, 11.88,1,150,181,"1,013.80"
2018.03.09,1192.72, 15.01,1.27,150,178,"1,013.82"
2018.03.08,1177.71, 0.50,0.04,150,176,"1,013.85"
2018.03.07,1177.21, 23.05,2,149,176,"1,013.90"
2018.03.06,1154.16, 14.88,-1.27,149,172,"1,013.90"
2018.03.05,1169.04, 16.32,-1.38,148,174,"1,013.85"
2018.03.02,1185.36, 14.96,-1.25,148,176,"1,013.90"
2018.02.28,1200.32, 1.22,-0.1,149,178,"1,013.96"
2018.02.27,1201.54, 2.80,0.23,148,178,"1,013.98"
2018.02.26,1198.74, 17.87,1.51,149,179,"1,014.02"
2018.02.23,1180.87, 8.68,-0.73,149,176,"1,014.09"
2018.02.22,1189.55, 5.83,0.49,147,175,"1,014.11"
2018.02.21,1183.72, 14.90,-1.24,146,173,"1,014.15"
2018.02.20,1198.62, 7.97,0.67,146,175,"1,014.17"
2018.02.19,1190.65, 13.80,1.17,145,173,"1,014.23"
2018.02.14,1176.85, 10.02,0.86,145,171,"1,014.33"
2018.02.13,1166.83, 13.11,1.14,145,169,"1,014.37"
2018.02.12,1153.72, 25.73,-2.18,142,164,"1,014.38"
2018.02.09,1179.45, 4.37,0.37,141,166,"1,014.32"
2018.02.08,1175.08, 28.74,-2.39,141,165,"1,014.40"
2018.02.07,1203.82, 19.45,-1.59,139,168,"1,014.39"
2018.02.06,1223.27, 13.74,-1.11,140,171,"1,014.47"
2018.02.05,1237.01, 25.58,-2.03,138,171,"1,014.46"
2018.02.02,1262.59, 0.84,0.07,138,174,"1,014.48"
2018.02.01,1261.75, 0.06,0,136,172,"1,013.46"
2018.01.31,1261.81, 18.29,-1.43,136,171,"1,013.33"
2018.01.30,1280.1, 10.93,0.86,138,176,"1,013.36"
2018.01.29,1269.17, 5.51,0.44,139,176,"1,013.38"
2018.01.26,1263.66, 12.75,1.02,139,175,"1,013.46"
2018.01.25,1250.91, 0.04,0,139,174,"1,013.48"
2018.01.24,1250.87, 18.94,1.54,139,174,"1,013.49"
2018.01.23,1231.93, 12.95,-1.04,139,171,"1,013.51"
2018.01.22,1244.88, 0.85,0.07,138,172,"1,013.53"
2018.01.19,1244.03, 0.36,-0.03,138,171,"1,013.60"
2018.01.18,1244.39, 3.69,-0.3,138,172,"1,013.62"
2018.01.17,1248.08, 10.08,0.81,139,174,"1,013.64"
2018.01.16,1238, 2.17,0.18,140,173,"1,013.66"
2018.01.15,1235.83, 4.54,0.37,140,173,"1,013.69"
2018.01.12,1231.29, 7.70,-0.62,140,172,"1,013.76"
2018.01.11,1238.99, 10.96,-0.88,139,173,"1,013.78"
2018.01.10,1249.95, 4.98,-0.4,139,174,"1,013.80"
2018.01.09,1254.93, 8.89,0.71,140,175,"1,013.69"
2018.01.08,1246.04, 17.41,1.42,140,174,"1,013.72"
2018.01.05,1228.63, 10.02,-0.81,139,171,"1,013.79"
2018.01.04,1238.65, 4.70,0.38,138,171,"1,013.81"
2018.01.03,1233.95, 4.63,0.38,138,170,"1,013.83"
2018.01.02,1229.32, 0.09,-0.01,138,170,"1,013.85"
2017.12.29,1229.41, 17.89,1.48,138,170,"1,013.94"
2017.12.28,1211.52, 21.43,1.8,138,167,"1,013.46"
2017.12.27,1190.09, 9.47,-0.79,138,164,998.5
2017.12.26,1199.56, 5.83,0.49,138,165,998.52
2017.12.22,1193.73, 23.68,-1.95,138,165,998.61
2017.12.21,1217.41, 3.75,-0.31,138,168,998.63
2017.12.20,1221.16, 1.19,0.1,138,169,998.65
2017.12.19,1219.97, 1.77,0.15,138,168,998.68
2017.12.18,1218.2, 4.27,0.35,138,168,998.7
2017.12.15,1213.93, 4.77,-0.39,138,168,998.77
2017.12.14,1218.7, 7.53,0.62,138,168,998.79
2017.12.13,1211.17, 3.59,-0.3,139,169,998.81
2017.12.12,1214.76, 1.39,0.11,139,169,998.83
2017.12.11,1213.37, 5.55,0.46,140,170,998.85
2017.12.08,1207.82, 3.24,-0.27,139,168,998.92
2017.12.07,1211.06, 19.23,-1.56,139,168,998.94
2017.12.06,1230.29, 3.42,0.28,139,171,998.96
2017.12.05,1226.87, 14.78,1.22,139,171,998.98
2017.12.04,1212.09, 1.59,-0.13,138,167,999
2017.12.01,1213.68, 21.34,-1.73,138,167,999.07
2017.11.30,1235.02, 1.70,-0.14,138,170,999.09
2017.11.29,1236.72, 5.65,0.46,138,170,999.11
2017.11.28,1231.07, 23.79,-1.9,137,169,999.13
2017.11.27,1254.86, 3.29,0.26,138,173,999.16
2017.11.24,1251.57, 4.30,-0.34,137,172,999.22
2017.11.23,1255.87, 8.04,0.64,138,173,999.25
2017.11.22,1247.83, 2.55,0.2,138,172,999.27
2017.11.21,1245.28, 5.21,-0.42,138,171,999.29
2017.11.20,1250.49, 0.60,-0.05,137,172,999.31
2017.11.17,1251.09, 8.74,0.7,137,171,999.38
2017.11.16,1242.35, 6.26,-0.5,136,169,999.4
2017.11.15,1248.61, 2.44,-0.2,137,172,999.42
2017.11.14,1251.05, 6.49,-0.52,137,172,999.45
2017.11.13,1257.54, 3.96,-0.31,137,172,999.47
2017.11.10,1261.5, 3.28,-0.26,137,172,999.54
2017.11.09,1264.78, 4.44,0.35,136,172,999.56
2017.11.08,1260.34, 2.32,-0.18,136,171,999.58
2017.11.07,1262.66, 5.89,-0.46,135,171,999.6
2017.11.06,1268.55, 3.93,0.31,135,172,999.63
2017.11.03,1264.62, 4.76,-0.37,135,171,999.7
2017.11.02,1269.38, 20.94,1.68,135,172,999.71
2017.11.01,1248.44, 12.38,1,135,169,999.73
2017.10.31,1236.06, 4.89,0.4,136,168,999.75
2017.10.30,1231.17, 8.71,0.71,136,167,999.78
2017.10.27,1222.46, 10.81,-0.88,136,166,999.84
2017.10.26,1233.27, 1.23,0.1,137,168,999.87
2017.10.25,1232.04, 2.61,-0.21,137,168,999.89
2017.10.24,1234.65, 2.83,0.23,137,169,999.91
2017.10.23,1231.82, 9.87,0.81,137,168,999.94
2017.10.20,1221.95, 9.21,-0.75,137,167,"1,000.00"
2017.10.19,1231.16, 1.28,-0.1,136,168,"1,000.03"
2017.10.18,1232.44, 3.43,0.28,136,167,"1,000.05"
2017.10.17,1229.01, 1.26,0.1,137,168,"1,000.07"
2017.10.16,1227.75, 4.10,-0.33,137,169,"1,000.10"
2017.10.13,1231.85, 7.38,0.6,141,173,"1,000.18"
2017.10.12,1224.47, 14.08,1.16,146,178,"1,000.21"
2017.10.11,1210.39, 24.47,2.06,147,177,"1,000.23"
2017.10.10,1185.92, 8.33,0.71,147,174,"1,000.25"
2017.09.29,1177.59, 1.42,0.12,146,172,"1,000.45"
2017.09.28,1176.17, 1.76,-0.15,146,172,999.32
2017.09.27,1177.93, 10.00,-0.84,146,172,999.34
2017.09.26,1187.93, 0.33,-0.03,148,176,999.36
2017.09.25,1188.26, 6.33,-0.53,148,176,999.38
2017.09.22,1194.59, 0.15,0.01,148,177,999.45
2017.09.21,1194.44, 0.26,-0.02,150,179,999.47
2017.09.20,1194.7, 2.24,-0.19,150,179,999.49
2017.09.19,1196.94, 20.60,1.75,151,181,999.52
2017.09.18,1176.34, 3.99,0.34,150,177,999.54
2017.09.15,1172.35, 9.31,0.8,151,177,999.61
2017.09.14,1163.04, 1.30,-0.11,151,175,999.63
2017.09.13,1164.34, 1.87,0.16,151,175,999.66
2017.09.12,1162.47, 10.40,0.9,151,175,999.68
2017.09.11,1152.07, 2.56,0.22,151,174,999.7
2017.09.08,1149.51, 14.85,1.31,151,173,999.77
2017.09.07,1134.66, 2.74,-0.24,151,171,999.79
2017.09.06,1137.4, 0.06,0.01,151,171,999.81
2017.09.05,1137.34, 12.98,-1.13,150,170,999.83
2017.09.04,1150.32, 1.77,-0.15,150,172,999.85
2017.09.01,1152.09, 4.53,-0.39,150,173,999.91
2017.08.31,1156.62, 4.21,0.37,151,175,999.93
2017.08.30,1152.41, 3.31,-0.29,151,173,999.96
2017.08.29,1155.72, 7.10,-0.61,150,174,999.98
2017.08.28,1162.82, 28.83,-2.42,145,174,"1,000.00"
2017.08.25,1191.65, 3.75,0.32,146,174,"1,030.20"
2017.08.24,1187.9, 1.24,0.1,146,174,"1,030.23"
2017.08.23,1186.66, 4.97,0.42,145,173,"1,030.25"
2017.08.22,1181.69, 1.10,-0.09,145,172,"1,030.27"
2017.08.21,1182.79, 2.61,-0.22,145,172,"1,030.29"
2017.08.18,1185.4, 8.13,0.69,145,172,"1,030.36"
2017.08.17,1177.27, 8.62,0.74,145,171,"1,030.38"
2017.08.16,1168.65, 9.81,0.85,145,170,"1,030.41"
2017.08.14,1158.84, 22.73,-1.92,146,169,"1,030.46"
2017.08.11,1181.57, 4.70,-0.4,147,173,"1,030.54"
2017.08.10,1186.27, 16.51,-1.37,147,175,"1,030.56"
2017.08.09,1202.78, 1.20,-0.1,147,177,"1,030.58"
2017.08.08,1203.98, 1.58,0.13,147,177,"1,030.60"
2017.08.07,1202.4, 4.91,0.41,151,181,"1,030.62"
2017.08.04,1197.49, 21.93,-1.8,148,177,"1,030.68"
2017.08.03,1219.42, 3.41,0.28,148,180,"1,030.71"
2017.08.02,1216.01, 9.61,0.8,150,182,"1,030.69"
2017.08.01,1206.4, 3.51,0.29,149,180,"1,030.70"
2017.07.31,1202.89, 27.18,-2.21,149,179,"1,030.83"
2017.07.28,1230.07, 4.25,0.35,150,184,"1,030.89"
2017.07.27,1225.82, 3.42,-0.28,150,184,"1,030.89"
2017.07.26,1229.24, 8.19,-0.66,151,185,"1,030.91"
2017.07.25,1237.43, 0.70,0.06,150,185,"1,030.93"
2017.07.24,1236.73, 4.53,0.37,151,186,"1,030.96"
2017.07.21,1232.2, 6.58,0.54,152,187,"1,031.01"
2017.07.20,1225.62, 0.72,0.06,151,185,"1,031.03"
2017.07.19,1224.9, 0.60,0.05,151,185,"1,031.05"
2017.07.18,1224.3, 4.67,0.38,153,187,"1,031.05"
2017.07.17,1219.63, 3.79,0.31,157,191,"1,031.07"
2017.07.14,1215.84, 11.25,0.93,158,192,"1,031.13"
2017.07.13,1204.59, 0.40,0.03,158,191,"1,031.15"
2017.07.12,1204.19, 8.54,0.71,158,191,"1,031.15"
2017.07.11,1195.65, 3.83,0.32,158,189,"1,031.18"
2017.07.10,1191.82, 5.69,-0.48,158,189,"1,031.18"
2017.07.07,1197.51, 0.60,0.05,158,190,"1,031.25"
2017.07.06,1196.91, 5.71,0.48,158,189,"1,031.27"
2017.07.05,1191.2, 7.53,-0.63,158,189,"1,031.29"
2017.07.04,1198.73, 2.05,0.17,158,190,"1,031.31"
2017.07.03,1196.68, 3.24,-0.27,158,189,"1,031.33"
2017.06.30,1199.92, 9.16,0.77,159,190,"1,031.37"
2017.06.29,1190.76, 5.57,-0.47,158,188,"1,029.42"
2017.06.28,1196.33, 1.49,0.12,158,189,"1,029.44"
2017.06.27,1194.84, 7.02,0.59,157,188,"1,029.47"
2017.06.26,1187.82, 2.94,0.25,157,186,"1,029.49"
2017.06.23,1184.88, 7.52,0.64,157,185,"1,029.56"
2017.06.22,1177.36, 6.83,-0.58,157,184,"1,029.58"
2017.06.21,1184.19, 3.37,0.29,157,186,"1,029.60"
2017.06.20,1180.82, 7.79,0.66,158,186,"1,029.62"
2017.06.19,1173.03, 0.09,0.01,158,185,"1,029.64"
2017.06.16,1172.94, 4.64,-0.39,158,185,"1,029.71"
2017.06.15,1177.58, 0.22,-0.02,158,186,"1,029.73"
2017.06.14,1177.8, 7.13,0.61,158,186,"1,029.76"
2017.06.13,1170.67, 12.64,-1.07,158,185,"1,029.78"
2017.06.12,1183.31, 12.56,1.07,159,188,"1,029.81"
2017.06.09,1170.75, 2.04,0.17,160,188,"1,029.87"
2017.06.08,1168.71, 6.86,-0.58,161,188,"1,029.89"
2017.06.07,1175.57, 1.77,-0.15,160,189,"1,029.92"
2017.06.05,1177.34, 15.59,1.34,162,191,"1,029.97"
2017.06.02,1161.75, 2.82,-0.24,162,189,"1,030.04"
2017.06.01,1164.57, 0.73,0.06,162,189,"1,030.06"
2017.05.31,1163.84, 8.08,-0.69,163,189,"1,030.08"
2017.05.30,1171.92, 1.88,-0.16,163,192,"1,030.10"
2017.05.29,1173.8, 7.02,0.6,166,194,"1,030.12"
2017.05.26,1166.78, 13.71,1.19,168,195,"1,030.18"
2017.05.25,1153.07, 1.71,0.15,169,195,"1,030.20"
2017.05.24,1151.36, 2.25,0.2,170,195,"1,030.22"
2017.05.23,1149.11, 10.68,0.94,170,196,"1,030.24"
2017.05.22,1138.43, 2.36,-0.21,171,195,"1,030.26"
2017.05.19,1140.79, 3.13,-0.27,172,196,"1,030.32"
2017.05.18,1143.92, 1.39,-0.12,172,196,"1,030.34"
2017.05.17,1145.31, 2.73,0.24,172,197,"1,030.37"
2017.05.16,1142.58, 2.59,0.23,177,202,"1,030.40"
2017.05.15,1139.99, 5.41,-0.47,177,202,"1,030.31"
2017.05.12,1145.4, 13.31,1.18,179,205,"1,030.38"
2017.05.11,1132.09, 10.96,-0.96,187,211,"1,030.41"
2017.05.10,1143.05, 28.08,2.52,193,221,"1,030.43"
2017.05.08,1114.97, 10.56,0.96,195,217,"1,030.47"
2017.05.04,1104.41, 9.26,0.85,198,219,"1,030.54"
2017.05.02,1095.15, 0.23,-0.02,201,220,"1,030.58"
2017.04.28,1095.38, 2.01,0.18,203,222,"1,030.66"
2017.04.27,1093.37, 5.34,0.49,209,229,"1,030.68"
2017.04.26,1088.03, 13.69,1.27,215,234,"1,030.70"
2017.04.25,1074.34, 7.36,0.69,215,231,"1,030.72"
2017.04.24,1066.98, 9.18,0.87,217,232,"1,030.74"
2017.04.21,1057.8, 4.47,0.42,217,230,"1,030.80"
2017.04.20,1053.33, 6.85,-0.65,217,229,"1,030.82"
2017.04.19,1060.18, 0.41,0.04,218,231,"1,030.84"
2017.04.18,1059.77, 2.80,0.26,218,231,"1,030.86"
2017.04.17,1056.97, 6.94,-0.65,218,231,"1,030.88"
2017.04.14,1063.91, 10.48,0.99,219,233,"1,030.93"
2017.04.13,1053.43, 3.14,0.3,219,231,"1,030.95"
2017.04.12,1050.29, 6.55,-0.62,219,230,"1,030.97"
2017.04.11,1056.84, 7.01,-0.66,220,232,"1,030.99"
2017.04.10,1063.85, 1.57,-0.15,220,234,"1,031.01"
2017.04.07,1065.42, 4.69,-0.44,220,235,"1,031.07"
2017.04.06,1070.11, 0.38,-0.04,221,236,"1,031.09"
2017.04.05,1070.49, 2.54,-0.24,221,237,"1,031.10"
2017.04.04,1073.03, 3.37,0.32,222,238,"1,031.12"
2017.04.03,1069.66, 3.91,-0.36,223,238,"1,031.14"
2017.03.31,1073.57, 0.31,0.03,223,239,"1,031.20"
2017.03.30,1073.26, 2.60,0.24,223,240,"1,030.13"
2017.03.29,1070.66, 3.66,0.34,224,239,"1,030.15"
2017.03.28,1067, 7.83,-0.73,223,238,"1,030.16"
2017.03.27,1074.83, 1.86,-0.17,224,241,"1,030.21"
2017.03.24,1076.69, 0.50,0.05,225,242,"1,030.27"
2017.03.09,1037.79, 1.59,0.15,260,270,"1,030.32"
2017.03.08,1036.2, 5.62,0.55,261,270,"1,030.37"
2017.03.07,1030.58, 2.16,0.21,262,270,"1,030.40"
2017.03.06,1028.42, 11.12,-1.07,262,270,"1,030.63"
2017.03.03,1039.54, 10.49,1.02,265,275,"1,030.66"
2017.03.02,1029.05, 4.30,0.42,265,273,"1,030.63"
2017.02.28,1024.75, 5.59,-0.54,265,272,"1,030.66"
2017.02.27,1030.34, 10.79,-1.04,265,273,"1,030.65"
2017.02.24,1041.13, 0.17,0.02,266,277,"1,030.65"
2017.02.23,1040.96, 2.68,0.26,271,282,"1,030.66"
2017.02.22,1038.28, 9.49,0.92,284,295,"1,030.68"
2017.02.21,1028.79, 3.36,0.33,285,293,"1,030.69"
2017.02.20,1025.43, 0.38,-0.04,285,292,"1,030.65"
2017.02.17,1025.81, 0.32,0.03,285,292,"1,030.74"
2017.02.16,1025.49, 3.35,0.33,288,295,"1,030.76"
2017.02.15,1022.14, 3.67,-0.36,288,294,"1,030.77"
2017.02.14,1025.81, 0.68,0.07,289,297,"1,030.77"
2017.02.13,1025.13, 3.61,0.35,290,298,"1,030.73"
2017.02.10,1021.52, 0.22,-0.02,292,298,"1,030.61"
2017.02.09,1021.74, 4.93,-0.48,292,299,"1,030.71"
2017.02.08,1026.67, 2.44,-0.24,293,300,"1,030.69"
2017.02.07,1029.11, 2.16,0.21,295,304,"1,030.70"
2017.02.06,1026.95, 1.12,0.11,296,304,"1,030.54"
2017.02.03,1025.83, 4.16,-0.4,298,306,"1,030.55"
2017.02.02,1029.99, 5.89,0.58,300,309,"1,030.56"
2017.02.01,1024.1, 9.32,-0.9,301,308,"1,030.58"
2017.01.31,1033.42, 9.16,0.89,304,314,"1,030.51"
2017.01.26,1024.26, 3.40,0.33,304,311,"1,030.64"
2017.01.25,1020.86, 0.70,0.07,305,311,"1,030.80"
2017.01.24,1020.16, 2.49,0.24,306,312,"1,030.80"
2017.01.23,1017.67, 4.57,-0.45,308,313,"1,030.82"
2017.01.20,1022.24, 2.36,0.23,309,316,"1,030.88"
2017.01.19,1019.88, 1.37,-0.13,310,316,"1,030.89"
2017.01.18,1021.25, 4.72,0.46,314,321,"1,030.90"
2017.01.17,1016.53, 6.93,-0.68,315,321,"1,030.90"
2017.01.16,1023.46, 8.25,-0.8,317,325,"1,030.91"
2017.01.13,1031.71, 6.37,0.62,336,346,"1,030.97"
2017.01.12,1025.34, 17.49,1.74,354,363,"1,030.99"
2017.01.11,1007.85, 0.12,-0.01,355,357,"1,031.01"
2017.01.10,1007.97, 2.34,0.23,355,358,"1,031.03"
2017.01.09,1005.63, 4.82,0.48,357,359,"1,031.04"
2017.01.06,1000.81, 4.41,-0.44,358,358,"1,031.10"
2017.01.05,1005.22, 0.26,0.03,359,361,"1,031.12"
2017.01.04,1004.96, 10.11,1.02,360,361,"1,031.13"
2017.01.03,994.85, 1.72,0.17,360,358,"1,031.15"
2017.01.02,993.13, 0.06,-0.01,361,359,"1,031.17"
2016.12.30,993.19, 1.40,0.14,361,359,"1,031.23"
2016.12.29,991.79, 6.51,0.66,361,358,"1,031.23"
2016.12.28,985.28, 2.25,0.23,364,359,"1,014.50"
2016.12.27,983.03, 0.90,0.09,366,360,"1,014.52"
2016.12.26,982.13, 1.57,-0.16,366,360,"1,014.53"
2016.12.23,983.7, 0.67,-0.07,368,362,"1,014.59"
2016.12.22,984.37, 1.67,-0.17,369,363,"1,014.61"
2016.12.21,986.04, 2.49,0.25,371,365,"1,014.62"
2016.12.20,983.55, 2.36,-0.24,372,366,"1,014.64"
2016.12.19,985.91, 4.07,0.41,373,368,"1,014.64"
2016.12.16,981.84, 1.88,-0.19,373,366,"1,014.70"
2016.12.15,983.72, 1.38,0.14,374,368,"1,014.72"
2016.12.14,982.34, 3.36,0.34,375,369,"1,014.73"
2016.12.13,978.98, 1.05,-0.11,376,368,"1,014.75"
2016.12.12,980.03, 4.16,-0.42,380,372,"1,014.77"
2016.12.09,984.19, 21.09,2.19,384,378,"1,014.82"
2016.12.08,963.1, 2.71,0.28,386,372,"1,014.84"
2016.12.07,960.39, 13.34,1.41,387,371,"1,014.86"
2016.12.06,947.05, 2.49,-0.26,386,366,"1,014.88"
2016.12.05,949.54, 6.21,-0.65,386,367,"1,014.89"
2016.12.02,955.75, 1.01,0.11,386,369,"1,014.94"
2016.12.01,954.74, 5.12,0.54,385,368,"1,014.96"
2016.11.30,949.62, 0.49,-0.05,385,366,"1,014.98"
2016.11.29,950.11, 2.76,0.29,385,366,"1,015.00"
2016.11.28,947.35, 0.64,0.07,385,365,"1,015.01"
2016.11.25,946.71, 6.23,-0.65,385,365,"1,015.07"
2016.11.24,952.94, 4.76,0.5,391,373,"1,015.08"
2016.11.23,948.18, 10.90,1.16,391,371,"1,015.10"
2016.11.22,937.28, 2.60,-0.28,385,361,"1,015.12"
2016.11.21,939.88, 0.94,-0.1,385,362,"1,015.13"
2016.11.18,940.82, 0.37,0.04,385,362,"1,015.19"
2016.11.17,940.45, 4.30,0.46,385,362,"1,015.20"
2016.11.16,936.15, 3.14,-0.33,385,361,"1,015.22"
2016.11.15,939.29, 7.46,-0.79,385,362,"1,015.24"
2016.11.14,946.75, 12.55,-1.31,385,365,"1,015.25"
2016.11.11,959.3, 21.41,2.28,386,371,"1,015.31"
2016.11.10,937.89, 21.84,-2.28,385,361,"1,015.32"
2016.11.09,959.73, 2.49,0.26,384,369,"1,015.34"
2016.11.08,957.24, 7.99,0.84,384,368,"1,015.36"
2016.11.07,949.25, 1.49,-0.16,384,364,"1,015.38"
2016.11.04,950.74, 0.29,0.03,382,363,"1,015.43"
2016.11.03,950.45, 12.05,-1.25,381,362,"1,015.45"
2016.11.02,962.5, 0.06,0.01,381,366,"1,015.46"
2016.11.01,962.44, 2.44,-0.25,381,366,"1,015.48"
2016.10.31,964.88, 0.39,-0.04,381,367,"1,015.50"
2016.10.28,965.27, 4.22,0.44,381,367,"1,015.55"
2016.10.27,961.05, 11.91,-1.22,381,366,"1,015.57"
2016.10.26,972.96, 3.31,-0.34,381,370,"1,015.59"
2016.10.25,976.27, 8.38,0.87,381,372,"1,015.60"
2016.10.24,967.89, 4.44,-0.46,381,369,"1,015.62"
2016.10.21,972.33, 0.74,0.08,383,372,"1,015.67"
2016.10.20,971.59, 0.92,0.09,384,373,"1,015.69"
2016.10.19,970.67, 6.66,0.69,384,372,"1,015.71"
2016.10.18,964.01, 3.98,0.41,384,370,"1,015.73"
2016.10.17,960.03, 4.46,0.47,384,368,"1,015.75"
2016.10.14,955.57, 8.62,-0.89,386,369,"1,015.80"
2016.10.13,964.19, 0.01,0,386,372,"1,015.82"
2016.10.12,964.2, 16.21,-1.65,386,372,"1,015.83"
2016.10.11,980.41, 0.82,0.08,386,378,"1,015.85"
2016.10.10,979.59, 3.94,-0.4,388,380,"1,015.87"
2016.10.07,983.53, 8.18,0.84,389,382,"1,015.92"
2016.10.06,975.35, 0.66,-0.07,389,379,"1,015.94"
2016.10.05,976.01, 6.45,0.67,389,380,"1,015.96"
2016.10.04,969.56, 11.02,-1.12,390,378,"1,015.98"
2016.09.30,980.58, 8.19,0.84,395,387,"1,016.05"
2016.09.29,972.39, 5.17,-0.53,396,385,"1,015.98"
2016.09.28,977.56, 7.90,0.81,397,388,"1,015.99"
2016.09.27,969.66, 3.37,-0.35,401,389,"1,016.01"
2016.09.26,973.03, 0.23,-0.02,403,392,"1,016.03"
2016.09.23,973.26, 7.06,0.73,405,394,"1,016.08"
2016.09.22,966.2, 5.40,0.56,404,391,"1,016.10"
2016.09.21,960.8, 4.22,0.44,405,389,"1,016.11"
2016.09.20,956.58, 8.71,0.92,404,387,"1,016.13"
2016.09.19,947.87, 4.76,0.5,404,383,"1,016.15"
2016.09.13,943.11, 26.75,-2.76,403,380,"1,016.25"
2016.09.12,969.86, 13.69,-1.39,404,391,"1,016.26"
2016.09.09,983.55, 1.88,0.19,404,397,"1,016.31"
2016.09.08,981.67, 2.65,-0.27,408,401,"1,016.33"
2016.09.07,984.32, 4.95,0.51,418,412,"1,016.35"
2016.09.06,979.37, 12.22,1.26,421,412,"1,016.37"
2016.09.05,967.15, 1.80,0.19,421,407,"1,016.39"
2016.09.02,965.35, 3.41,-0.35,421,406,"1,016.45"
2016.09.01,968.76, 2.75,-0.28,421,408,"1,016.46"
2016.08.31,971.51, 4.09,0.42,426,413,"1,016.48"
2016.08.30,967.42, 0.89,0.09,427,413,"1,016.50"
2016.08.29,966.53, 4.21,-0.43,427,413,"1,016.51"
2016.08.26,970.74, 0.18,-0.02,429,416,"1,016.56"
2016.08.25,970.92, 4.51,-0.46,429,417,"1,016.57"
2016.08.24,975.43, 4.34,0.45,430,419,"1,016.59"
2016.08.23,971.09, 5.30,-0.54,431,418,"1,016.60"
2016.08.22,976.39, 2.48,0.25,432,422,"1,016.62"
2016.08.19,973.91, 8.11,0.84,434,422,"1,016.67"
2016.08.18,965.8, 0.59,-0.06,433,419,"1,016.69"
2016.08.17,966.39, 0.04,0,437,422,"1,016.70"
2016.08.16,966.35, 0.09,-0.01,439,425,"1,016.71"
2016.08.12,966.44, 2.87,0.3,441,427,"1,016.78"
2016.08.11,963.57, 2.14,-0.22,447,431,"1,016.80"
2016.08.10,965.71, 6.81,0.71,456,441,"1,016.80"
2016.08.09,958.9, 6.44,0.68,460,441,"1,016.81"
2016.08.08,952.46, 12.06,1.28,461,439,"1,016.83"
2016.08.05,940.4, 2.31,0.25,461,434,"1,016.93"
2016.08.04,938.09, 12.55,-1.32,461,433,"1,016.95"
2016.08.03,950.64, 7.49,-0.78,463,441,"1,016.97"
2016.08.02,958.13, 8.88,0.94,466,446,"1,016.99"
2016.08.01,949.25, 0.98,-0.1,467,444,"1,017.00"
2016.07.29,950.23, 3.42,-0.36,469,446,"1,017.05"
2016.07.28,953.65, 0.05,0.01,470,449,"1,017.07"
2016.07.27,953.6, 7.94,0.84,472,450,"1,017.09"
2016.07.26,945.66, 2.05,0.22,476,450,"1,017.12"
2016.07.25,943.61, 1.77,-0.19,476,449,"1,017.10"
2016.07.22,945.38, 0.85,-0.09,477,451,"1,017.18"
2016.07.21,946.23, 1.22,-0.13,479,453,"1,017.20"
2016.07.20,947.45, 2.05,-0.22,480,455,"1,017.22"
2016.07.19,949.5, 1.83,0.19,483,459,"1,017.22"
2016.07.18,947.67, 4.53,0.48,485,460,"1,017.24"
2016.07.15,943.14, 2.19,0.23,490,462,"1,017.30"
2016.07.14,940.95, 7.69,0.82,499,469,"1,017.32"
2016.07.13,933.26, 0.47,0.05,502,469,"1,017.34"
2016.07.12,932.79, 13.34,1.45,505,471,"1,017.36"
2016.07.11,919.45, 4.44,-0.48,505,464,"1,017.38"
2016.07.08,923.89, 10.56,1.16,505,466,"1,017.43"
2016.07.07,913.33, 19.18,-2.06,501,457,"1,017.44"
2016.07.06,932.51, 2.65,-0.28,503,469,"1,017.46"
2016.07.05,935.16, 4.22,0.45,504,471,"1,017.47"
2016.06.20,911.89, 0.21,0.02,501,457,"1,017.00"
2016.06.17,911.68, 6.44,-0.7,498,454,"1,017.05"
2016.06.16,918.12, 0.09,-0.01,498,457,"1,017.07"
2016.06.15,918.21, 2.68,-0.29,496,456,"1,017.09"
2016.06.14,920.89, 18.78,-2,496,457,"1,017.10"
2016.06.13,939.67, 4.81,-0.51,498,468,"1,017.12"
2016.06.10,944.48, 0.47,0.05,507,479,"1,017.18"
2016.06.09,944.01, 8.37,0.89,515,487,"1,017.20"
2016.06.08,935.64, 13.18,1.43,518,485,"1,017.22"
2016.06.07,922.46, 0.74,0.08,519,479,"1,017.24"
2016.06.03,921.72, 2.20,0.24,519,479,"1,017.31"
2016.06.02,919.52, 0.12,-0.01,520,478,"1,017.33"
2016.06.01,919.64, 7.10,0.78,520,478,"1,017.35"
2016.05.31,912.54, 0.37,-0.04,520,474,"1,017.37"
2016.05.30,912.91, 4.63,0.51,520,475,"1,017.38"
2016.05.27,908.28, 1.06,-0.12,520,472,"1,017.43"
2016.05.26,909.34, 12.04,1.34,520,473,"1,017.45"
2016.05.25,897.3, 7.99,-0.88,519,466,"1,017.47"
2016.05.24,905.29, 4.26,0.47,520,470,"1,017.49"
2016.05.23,901.03, 0.62,-0.07,519,468,"1,017.50"
2016.05.20,901.65, 2.85,-0.32,519,468,"1,017.55"
2016.05.19,904.5, 4.68,-0.51,518,468,"1,017.57"
2016.05.18,909.18, 0.63,0.07,518,471,"1,017.59"
2016.05.17,908.55, 0.87,0.1,518,470,"1,017.60"
2016.05.16,907.68, 6.61,-0.72,518,470,"1,017.62"
2016.05.13,914.29, 2.61,-0.28,518,474,"1,017.67"
2016.05.12,916.9, 2.34,-0.25,519,476,"1,017.69"
2016.05.11,919.24, 5.65,0.62,519,477,"1,017.69"
2016.05.10,913.59, 3.91,-0.43,519,474,"1,017.71"
2016.05.09,917.5, 3.72,-0.4,518,476,"1,017.73"
2016.05.04,921.22, 3.04,0.33,518,477,"1,017.81"
2016.05.03,918.18, 6.47,-0.7,517,474,"1,017.83"
2016.05.02,924.65, 4.07,-0.44,517,478,"1,017.85"
2016.04.29,928.72, 9.36,-1,519,482,"1,017.90"
2016.04.28,938.08, 1.02,-0.11,520,488,"1,017.92"
2016.04.27,939.1, 2.94,0.31,523,491,"1,017.94"
2016.04.26,936.16, 0.61,-0.07,523,489,"1,017.96"
2016.04.25,936.77, 4.30,-0.46,524,491,"1,017.97"
2016.04.22,941.07, 7.93,0.85,527,496,"1,018.03"
2016.04.21,933.14, 2.58,-0.28,531,495,"1,018.05"
2016.04.20,935.72, 0.53,-0.06,531,497,"1,018.06"
2016.04.19,936.25, 2.10,-0.22,532,498,"1,018.08"
2016.04.18,938.35, 1.47,-0.16,540,506,"1,018.10"
2016.04.15,939.82, 19.43,2.11,551,518,"1,018.16"
2016.04.14,920.39, 6.11,0.67,552,508,"1,018.17"
2016.04.12,914.28, 0.92,0.1,552,505,"1,018.21"
2016.04.11,913.36, 2.04,-0.22,552,504,"1,018.22"
2016.04.08,915.4, 1.08,0.12,552,506,"1,018.27"
2016.04.07,914.32, 5.23,0.58,552,505,"1,018.29"
2016.04.06,909.09, 9.43,-1.03,552,502,"1,018.31"
2016.04.05,918.52, 2.72,0.3,553,508,"1,018.32"
2016.04.04,915.8, 13.24,-1.43,554,507,"1,018.34"
2016.04.01,929.04, 2.92,-0.31,554,514,"1,018.39"
2016.03.31,931.96, 3.96,0.43,560,521,"1,018.42"
2016.03.30,928, 5.75,0.62,561,520,"1,018.43"
2016.03.29,922.25, 0.66,0.07,560,516,"1,018.45"
2016.03.28,921.59, 0.89,-0.1,562,518,"1,018.47"
2016.03.25,922.48, 4.03,-0.43,564,520,"1,018.52"
2016.03.24,926.51, 0.78,-0.08,564,523,"1,018.53"
2016.03.23,927.29, 4.18,0.45,566,525,"1,018.55"
2016.03.22,923.11, 1.12,-0.12,566,523,"1,018.57"
2016.03.21,924.23, 1.77,0.19,568,525,"1,018.59"
2016.03.18,922.46, 6.50,0.71,571,527,"1,018.64"
2016.03.17,915.96, 1.84,0.2,572,524,"1,018.66"
2016.03.16,914.12, 1.15,-0.13,573,524,"1,018.67"
2016.03.15,915.27, 0.55,0.06,575,526,"1,018.69"
2016.03.14,914.72, 1.89,0.21,577,528,"1,018.71"
2016.03.11,912.83, 8.89,0.98,584,533,"1,018.75"
2016.03.10,903.94, 2.60,0.29,584,528,"1,018.77"
2016.03.09,901.34, 6.84,-0.75,585,527,"1,018.77"
2016.03.08,908.18, 1.57,0.17,586,532,"1,018.78"
2016.03.07,906.61, 1.32,-0.15,589,534,"1,018.76"
2016.03.04,907.93, 4.76,0.53,592,538,"1,018.79"
2016.03.03,903.17, 15.97,1.8,596,538,"1,018.70"
2016.03.02,887.2, 1.98,-0.22,596,529,"1,018.07"
2016.02.29,889.18, 0.26,-0.03,596,530,"1,018.03"
2016.02.26,889.44, 1.54,0.17,597,531,"1,018.07"
2016.02.25,887.9, 0.84,-0.09,597,530,"1,018.08"
2016.02.24,888.74, 0.36,0.04,599,532,"1,018.09"
2016.02.23,888.38, 0.50,-0.06,598,532,"1,018.10"
2016.02.22,888.88, 2.09,0.24,602,535,"1,018.11"
2016.02.19,886.79, 10.11,1.15,602,534,"1,018.14"
2016.02.18,876.68, 1.34,0.15,603,529,"1,018.13"
2016.02.17,875.34, 12.05,1.4,603,528,"1,018.15"
2016.02.16,863.29, 12.54,1.47,600,518,"1,018.16"
2016.02.15,850.75, 7.07,-0.82,596,507,"1,018.16"
2016.02.12,857.82, 25.21,-2.85,594,509,"1,018.20"
2016.02.11,883.03, 1.38,0.16,597,527,"1,018.20"
2016.02.05,881.65, 15.01,1.73,597,526,"1,018.18"
2016.02.04,866.64, 8.04,-0.92,595,516,"1,018.02"
2016.02.03,874.68, 9.14,-1.03,596,521,"1,018.03"
2016.02.02,883.82, 5.74,0.65,597,528,"1,018.05"
2016.02.01,878.08, 2.10,0.24,597,524,"1,018.08"
2016.01.29,875.98, 1.88,0.22,597,523,"1,018.38"
2016.01.28,874.1, 13.82,1.61,597,522,"1,018.38"
2016.01.27,860.28, 11.41,-1.31,596,513,"1,018.25"
2016.01.26,871.69, 5.57,0.64,595,519,"1,018.12"
2016.01.25,866.12, 18.39,2.17,595,515,"1,018.14"
2016.01.22,847.73, 2.19,-0.26,593,502,"1,018.18"
2016.01.21,849.92, 21.03,-2.41,588,499,"1,018.20"
2016.01.20,870.95, 5.51,0.64,586,510,"1,018.21"
2016.01.19,865.44, 0.54,-0.06,583,505,"1,018.23"
2016.01.18,865.98, 10.40,-1.19,582,504,"1,018.24"
2016.01.15,876.38, 7.94,-0.9,576,505,"1,018.28"
2016.01.14,884.32, 11.67,1.34,574,507,"1,018.30"
2016.01.13,872.65, 1.57,-0.18,572,499,"1,018.32"
2016.01.12,874.22, 10.70,-1.21,570,498,"1,018.33"
2016.01.11,884.92, 6.47,0.74,568,503,"1,018.35"
2016.01.08,878.45, 10.04,-1.13,559,491,"1,018.40"
2016.01.07,888.49, 5.43,-0.61,556,494,"1,018.41"
2016.01.06,893.92, 5.56,0.63,553,495,"1,018.43"
2016.01.05,888.36, 21.64,-2.38,551,490,"1,018.45"
2016.01.04,910, 0.06,-0.01,551,502,"1,018.46"
